{"products":[{"id":"0.34936085533446404","qty":2}],"totalPrice":99.97999999999999}