{"products":[{"id":"0.999981107573993","qty":3}],"totalPrice":194.96999999999997}